name,user
calculo de una variable,Andres
analisis de circuitos en la ingenieria,Andres
mujercitas,Andres
circuitos electricos,Andres
fundamentos de circuitos electricos,Andres
el coronel no tiene quien le escriba,Andres
biologia celular y molecular,Andres
aristoteles y dante,Elizabeth
el alquimista,Elizabeth
el conde de montecristo,Elizabeth
el guardian entre el centeno,Elizabeth
la princesa de hielo,Elizabeth
los juegos del hambre,Elizabeth
rayuela,Elizabeth
inkheart,Santiago
ecuaciones diferenciales,Santiago
microrobotica,Santiago
microcontroladores,Santiago
el conde de montecristo,Santiago
fundamentos de circuitos electricos,Santiago
programming with java a primer,Santiago
